Datetime,Water Level (m)
2025-09-28 12:00:00,0.1405068
2025-09-28 13:00:00,0.1455279
2025-09-28 14:00:00,0.1487259
2025-09-28 15:00:00,0.15415904
2025-09-28 16:00:00,0.16799082
2025-09-28 17:00:00,0.18797132
2025-09-28 18:00:00,0.22181468
2025-09-28 19:00:00,0.2607761
2025-09-28 20:00:00,0.2990746
2025-09-28 21:00:00,0.33341184
2025-09-28 22:00:00,0.36062106
2025-09-28 23:00:00,0.38227165
2025-09-29 00:00:00,0.39838472
2025-09-29 01:00:00,0.40868598
2025-09-29 02:00:00,0.42213368
2025-09-29 03:00:00,0.43641797
2025-09-29 04:00:00,0.45697942
2025-09-29 05:00:00,0.48442253
2025-09-29 06:00:00,0.5177285
2025-09-29 07:00:00,0.55385053
2025-09-29 08:00:00,0.5921745
2025-09-29 09:00:00,0.6284259
2025-09-29 10:00:00,0.65868676
2025-09-29 11:00:00,0.6827311
2025-09-29 12:00:00,0.7003117
2025-09-29 13:00:00,0.7136063
2025-09-29 14:00:00,0.72420555
2025-09-29 15:00:00,0.73321813
2025-09-29 16:00:00,0.7421599
2025-09-29 17:00:00,0.75357324
2025-09-29 18:00:00,0.76939535
2025-09-29 19:00:00,0.7898984
2025-09-29 20:00:00,0.81286424
2025-09-29 21:00:00,0.8341005
2025-09-29 22:00:00,0.8475551
2025-09-29 23:00:00,0.86262333
2025-09-30 00:00:00,0.8701518
2025-09-30 01:00:00,0.87400335
2025-09-30 02:00:00,0.8776134
2025-09-30 03:00:00,0.8789719
2025-09-30 04:00:00,0.88421285
2025-09-30 05:00:00,0.8930459
2025-09-30 06:00:00,0.9081733
2025-09-30 07:00:00,0.92969054
2025-09-30 08:00:00,0.9561715
2025-09-30 09:00:00,0.98442435
2025-09-30 10:00:00,1.0112747
2025-09-30 11:00:00,1.0327435
2025-09-30 12:00:00,1.0482475
2025-09-30 13:00:00,1.0589278
2025-09-30 14:00:00,1.065997
2025-09-30 15:00:00,1.0705199
2025-09-30 16:00:00,1.0732675
2025-09-30 17:00:00,1.0751594
2025-09-30 18:00:00,1.077681
2025-09-30 19:00:00,1.0825686
2025-09-30 20:00:00,1.0910031
2025-09-30 21:00:00,1.1023618
2025-09-30 22:00:00,1.1102468
2025-09-30 23:00:00,1.117434
2025-10-01 00:00:00,1.1278174
2025-10-01 01:00:00,1.1310794
2025-10-01 02:00:00,1.1336399
2025-10-01 03:00:00,1.1347774
2025-10-01 04:00:00,1.1361052
2025-10-01 05:00:00,1.1382704
2025-10-01 06:00:00,1.1425195
2025-10-01 07:00:00,1.1507765
2025-10-01 08:00:00,1.1645906
2025-10-01 09:00:00,1.1835625
2025-10-01 10:00:00,1.2055207
2025-10-01 11:00:00,1.228695
2025-10-01 12:00:00,1.2494553
2025-10-01 13:00:00,1.2655523
2025-10-01 14:00:00,1.2667778
2025-10-01 15:00:00,1.2728391
2025-10-01 16:00:00,1.2763104
2025-10-01 17:00:00,1.2786344
2025-10-01 18:00:00,1.2805192
2025-10-01 19:00:00,1.2806969
2025-10-01 20:00:00,1.2835408
2025-10-01 21:00:00,1.2898462
2025-10-01 22:00:00,1.3006343
2025-10-01 23:00:00,1.3161869
2025-10-02 00:00:00,1.3339083
2025-10-02 01:00:00,1.3464955
2025-10-02 02:00:00,1.3538532
2025-10-02 03:00:00,1.3567715
2025-10-02 04:00:00,1.3565043
2025-10-02 05:00:00,1.3557205
2025-10-02 06:00:00,1.3533791
2025-10-02 07:00:00,1.3554518
2025-10-02 08:00:00,1.3629657
2025-10-02 09:00:00,1.3806852
2025-10-02 10:00:00,1.4088458
2025-10-02 11:00:00,1.43819
2025-10-02 12:00:00,1.4600507
2025-10-02 13:00:00,1.4918439
2025-10-02 14:00:00,1.5196931
2025-10-02 15:00:00,1.5430197
2025-10-02 16:00:00,1.557389
2025-10-02 17:00:00,1.5692933
2025-10-02 18:00:00,1.5781567
2025-10-02 19:00:00,1.586435
2025-10-02 20:00:00,1.595889
2025-10-02 21:00:00,1.6103855
2025-10-02 22:00:00,1.6335365
2025-10-02 23:00:00,1.6628516
2025-10-03 00:00:00,1.6931177
2025-10-03 01:00:00,1.7213728
2025-10-03 02:00:00,1.7266943
2025-10-03 03:00:00,1.7595685
2025-10-03 04:00:00,1.770879
2025-10-03 05:00:00,1.7769027
2025-10-03 06:00:00,1.7804068
2025-10-03 07:00:00,1.7822427
2025-10-03 08:00:00,1.7849891
2025-10-03 09:00:00,1.7899703
2025-10-03 10:00:00,1.8035021
2025-10-03 11:00:00,1.8266059
2025-10-03 12:00:00,1.8547653
2025-10-03 13:00:00,1.8804939
2025-10-03 14:00:00,1.8979826
2025-10-03 15:00:00,1.9058721
2025-10-03 16:00:00,1.9065015
2025-10-03 17:00:00,1.9037265
2025-10-03 18:00:00,1.8982155
2025-10-03 19:00:00,1.8908556
2025-10-03 20:00:00,1.8833987
2025-10-03 21:00:00,1.8755535
2025-10-03 22:00:00,1.8698131
2025-10-03 23:00:00,1.869614
2025-10-04 00:00:00,1.8771696
2025-10-04 01:00:00,1.8904071
2025-10-04 02:00:00,1.9017658
2025-10-04 03:00:00,1.9077553
2025-10-04 04:00:00,1.9083946
2025-10-04 05:00:00,1.9044505
2025-10-04 06:00:00,1.896892
2025-10-04 07:00:00,1.8880793
2025-10-04 08:00:00,1.8795506
2025-10-04 09:00:00,1.8722366
2025-10-04 10:00:00,1.8671267
2025-10-04 11:00:00,1.8677537
2025-10-04 12:00:00,1.8760682
